mouse_id,sex,age_weeks,wheel_km,dcx_cells
M01,M,10,3.3,186
M02,F,10,4.4,189
M03,F,14,2.8,142
M04,F,11,2.6,108
M05,F,12,3.9,193
M06,M,9,6.3,226
M07,M,17,3.6,162
M08,F,13,3,128
M09,M,8,1.4,160
M10,M,16,2.1,111
M11,M,11,1.6,127
M12,M,16,2.5,104
M13,M,11,2,153
M14,F,14,4.7,153
M15,M,14,3.6,176
M16,F,15,1.7,149
M17,F,16,2.6,115
M18,F,11,4.3,209
M19,F,20,5.1,188
M20,F,18,5.2,148
M21,M,11,3.9,180
M22,F,13,8.2,190
M23,F,11,3,137
M24,M,14,5.7,126
M25,F,17,3.5,170
M26,F,14,5.2,181
M27,M,13,3.8,171
M28,M,17,3.4,119
M29,F,19,3.8,105
M30,M,9,4.1,199
M31,F,10,0.9,94
M32,M,13,6.8,195
M33,M,18,5.4,143
M34,M,11,2,137
M35,F,9,0.9,129
M36,F,17,4.8,204
M37,M,20,5.3,144
M38,M,10,5.6,174
M39,F,15,4.5,105
M40,M,12,3.8,204
M41,M,13,4.8,172
M42,F,10,2.6,142
M43,F,12,2.9,166
M44,M,10,7.1,187
M45,F,18,2.7,102
M46,F,19,3.8,115
M47,M,16,2.2,132
M48,F,11,7.4,217
M49,M,13,3.4,113
M50,M,8,5.8,245
M51,F,15,5.8,159
M52,M,16,2.3,141
M53,F,12,4.6,182
M54,M,19,2.9,136
M55,M,10,0.2,120
M56,M,13,5.9,167
M57,F,15,5.2,169
M58,F,20,2.3,134
M59,M,17,0.4,76
M60,F,13,2.9,139
