neuron_id,mouse_id,region,cell_type,firing_rate_hz,spike_width_ms,tuning_rating
N001,M01,Cortex,Regular spiking,2.76,0.37,3
N002,M01,Cortex,Regular spiking,3.32,0.5,1
N003,M01,Cortex,Fast spiking,9.32,0.24,4
N004,M01,Cortex,Regular spiking,2.52,0.48,1
N005,M01,Cortex,Regular spiking,1.06,0.43,2
N006,M01,Cortex,Fast spiking,8.92,0.26,5
N007,M01,Cortex,Regular spiking,1.02,0.51,4
N008,M01,Cortex,Regular spiking,5.99,0.46,1
N009,M01,Cortex,Regular spiking,1.64,0.44,2
N010,M01,Cortex,Regular spiking,3.28,0.38,4
N011,M02,Cortex,Fast spiking,14.34,0.25,5
N012,M02,Cortex,Regular spiking,3.01,0.4,3
N013,M02,Cortex,Regular spiking,6.73,0.55,2
N014,M02,Cortex,Regular spiking,1.8,0.44,1
N015,M02,Cortex,Fast spiking,13.7,0.17,1
N016,M02,Cortex,Regular spiking,1.67,0.52,1
N017,M02,Cortex,Regular spiking,10.73,0.39,1
N018,M02,Cortex,Fast spiking,15.86,0.12,4
N019,M02,Cortex,Regular spiking,2.44,0.36,1
N020,M02,Cortex,Fast spiking,16.82,0.22,5
N021,M03,Cortex,Regular spiking,1.5,0.39,2
N022,M03,Cortex,Regular spiking,7.42,0.45,3
N023,M03,Cortex,Regular spiking,1.5,0.41,3
N024,M03,Cortex,Fast spiking,4.13,0.11,3
N025,M03,Cortex,Regular spiking,2.9,0.4,4
N026,M03,Cortex,Fast spiking,17.48,0.33,4
N027,M03,Cortex,Regular spiking,2.98,0.39,5
N028,M03,Cortex,Fast spiking,6.65,0.18,2
N029,M03,Cortex,Fast spiking,21.26,0.21,5
N030,M03,Cortex,Regular spiking,12.77,0.52,5
N031,M04,Cortex,Regular spiking,0.93,0.37,2
N032,M04,Cortex,Fast spiking,25.42,0.27,4
N033,M04,Cortex,Regular spiking,2.26,0.38,2
N034,M04,Cortex,Fast spiking,18.92,0.2,2
N035,M04,Cortex,Regular spiking,1,0.4,2
N036,M04,Cortex,Regular spiking,2.57,0.47,4
N037,M04,Cortex,Regular spiking,1.69,0.46,4
N038,M04,Cortex,Regular spiking,2.24,0.48,1
N039,M04,Cortex,Regular spiking,1.57,0.48,1
N040,M04,Cortex,Regular spiking,3.74,0.55,3
N041,M05,Hippocampus,Regular spiking,3.73,0.42,5
N042,M05,Hippocampus,Regular spiking,1.34,0.27,1
N043,M05,Hippocampus,Regular spiking,1.57,0.39,1
N044,M05,Hippocampus,Regular spiking,0.92,0.37,3
N045,M05,Hippocampus,Fast spiking,11.45,0.2,4
N046,M05,Hippocampus,Fast spiking,8.83,0.29,2
N047,M05,Hippocampus,Regular spiking,0.7,0.39,5
N048,M05,Hippocampus,Regular spiking,4.38,0.37,3
N049,M05,Hippocampus,Regular spiking,0.89,0.45,4
N050,M05,Hippocampus,Regular spiking,0.96,0.46,3
N051,M06,Hippocampus,Regular spiking,0.74,0.41,4
N052,M06,Hippocampus,Regular spiking,0.88,0.44,1
N053,M06,Hippocampus,Regular spiking,1.46,0.45,4
N054,M06,Hippocampus,Regular spiking,2.48,0.44,2
N055,M06,Hippocampus,Regular spiking,1.17,0.39,3
N056,M06,Hippocampus,Regular spiking,1.6,0.46,2
N057,M06,Hippocampus,Regular spiking,1.52,0.28,1
N058,M06,Hippocampus,Fast spiking,12.72,0.26,4
N059,M06,Hippocampus,Regular spiking,7.11,0.44,4
N060,M06,Hippocampus,Regular spiking,0.95,0.54,5
N061,M07,Hippocampus,Regular spiking,5.65,0.44,2
N062,M07,Hippocampus,Regular spiking,6.47,0.43,3
N063,M07,Hippocampus,Regular spiking,2.07,0.49,3
N064,M07,Hippocampus,Regular spiking,3.08,0.46,2
N065,M07,Hippocampus,Regular spiking,0.63,0.42,2
N066,M07,Hippocampus,Fast spiking,8.35,0.22,4
N067,M07,Hippocampus,Regular spiking,1.3,0.43,2
N068,M07,Hippocampus,Regular spiking,1.63,0.36,5
N069,M07,Hippocampus,Regular spiking,2.51,0.49,2
N070,M07,Hippocampus,Regular spiking,3.35,0.39,4
N071,M08,Hippocampus,Regular spiking,1.75,0.4,1
N072,M08,Hippocampus,Regular spiking,8.77,0.46,4
N073,M08,Hippocampus,Regular spiking,2.56,0.4,3
N074,M08,Hippocampus,Regular spiking,1.59,0.41,3
N075,M08,Hippocampus,Fast spiking,8.21,0.31,5
N076,M08,Hippocampus,Regular spiking,1.69,0.38,4
N077,M08,Hippocampus,Regular spiking,0.93,0.41,1
N078,M08,Hippocampus,Regular spiking,2.43,0.51,5
N079,M08,Hippocampus,Regular spiking,3.18,0.4,1
N080,M08,Hippocampus,Regular spiking,2.26,0.39,5
N081,M09,Striatum,Fast spiking,19.68,0.24,3
N082,M09,Striatum,Regular spiking,4.95,0.46,2
N083,M09,Striatum,Regular spiking,7.48,0.38,1
N084,M09,Striatum,Regular spiking,2.08,0.41,3
N085,M09,Striatum,Fast spiking,31.56,0.21,2
N086,M09,Striatum,Regular spiking,2.61,0.36,3
N087,M09,Striatum,Regular spiking,5.5,0.42,2
N088,M09,Striatum,Regular spiking,7.17,0.52,3
N089,M09,Striatum,Regular spiking,5.19,0.47,2
N090,M09,Striatum,Regular spiking,1.77,0.38,2
N091,M10,Striatum,Regular spiking,4.57,0.44,4
N092,M10,Striatum,Regular spiking,5.5,0.41,3
N093,M10,Striatum,Regular spiking,8.15,0.41,1
N094,M10,Striatum,Regular spiking,6.08,0.47,3
N095,M10,Striatum,Regular spiking,6.36,0.46,4
N096,M10,Striatum,Regular spiking,8.93,0.48,1
N097,M10,Striatum,Regular spiking,2.94,0.45,3
N098,M10,Striatum,Regular spiking,3.1,0.37,2
N099,M10,Striatum,Regular spiking,4.48,0.39,1
N100,M10,Striatum,Regular spiking,5.51,0.35,3
N101,M11,Striatum,Fast spiking,36.6,0.26,2
N102,M11,Striatum,Regular spiking,2.68,0.5,3
N103,M11,Striatum,Regular spiking,2.66,0.32,2
N104,M11,Striatum,Fast spiking,25.06,0.22,5
N105,M11,Striatum,Fast spiking,12.38,0.25,1
N106,M11,Striatum,Fast spiking,13.84,0.21,4
N107,M11,Striatum,Regular spiking,6.47,0.37,2
N108,M11,Striatum,Regular spiking,3.11,0.36,1
N109,M11,Striatum,Regular spiking,2.91,0.5,2
N110,M11,Striatum,Regular spiking,3.86,0.41,3
N111,M12,Striatum,Regular spiking,3.56,0.49,3
N112,M12,Striatum,Regular spiking,2.98,0.38,1
N113,M12,Striatum,Fast spiking,26.64,0.3,4
N114,M12,Striatum,Regular spiking,3.37,0.45,2
N115,M12,Striatum,Fast spiking,16.41,0.22,5
N116,M12,Striatum,Fast spiking,17.1,0.29,2
N117,M12,Striatum,Regular spiking,1.48,0.4,2
N118,M12,Striatum,Fast spiking,19.39,0.2,5
N119,M12,Striatum,Fast spiking,38.78,0.22,5
N120,M12,Striatum,Regular spiking,4.46,0.41,1
