animal_id,genotype,cage,sex,birth_date
M01,WT,C01,Female,2025-11-03
M02,WT,C01,F,2025-11-03
M03,WT,C01,f,2025-11-03
M04,WT,C01,F,2025-11-03
M05,WT,C01,Female,2025-11-03
M06,WT,C02,F,2025-11-05
M07,WT,C02,F,2025-11-05
M08,WT,C02,F,2025-11-05
M09,WT,C02,F,2025-11-05
M10,WT,C02,f,2025-11-05
M11,WT,C03,M,2025-11-08
M12,WT,C03,M,2025-11-08
M13,WT,C03,Male,2025-11-08
M14,WT,C03,m,2025-11-08
M15,WT,C03,m,2025-11-08
M16,WT,C04,M,2025-11-04
M17,WT,C04,M,2025-11-04
M18,WT,C04,M,2025-11-04
M19,WT,C04,M,2025-11-04
M20,WT,C04,M,2025-11-04
M21,KO,C05,Female,2025-11-06
M22,KO,C05,F,2025-11-06
M23,KO,C05,F,2025-11-06
M24,KO,C05,Female,2025-11-06
M25,KO,C05,F,2025-11-06
M26,KO,C06,F,2025-11-09
M27,KO,C06,F,2025-11-09
M28,KO,C06,F,2025-11-09
M29,KO,C06,f,2025-11-09
M30,KO,C06,F,2025-11-09
M31,KO,C07,M,2025-11-03
M32,KO,C07,Male,2025-11-03
M33,KO,C07,m,2025-11-03
M34,KO,C07,Male,2025-11-03
M35,KO,C07,M,2025-11-03
M36,KO,C08,M,2025-11-07
M37,KO,C08,m,2025-11-07
M38,KO,C08,M,2025-11-07
M39,KO,C08,Male,2025-11-07
M40,KO,C08,Male,2025-11-07
