Animal ID,Test Date,Treatment,Weight Wk0 (g),Weight Wk1 (g),Weight Wk2 (g),Weight Wk3 (g),Distance (m),Center Time (s),Notes
M01,2026-02-09,drug,22.4,22,21.3,21,62.1,19.8,
M02,2026-02-09,vehicle,20.6,20.1,22,22.5,42.2,8.4,
M03,2026-02-09,Drug ,23,22.6,22.8,21.8,58.1,22.6,
M04,2026-02-09,Vehicle,22.8,22.3,22.9,24.3,54.5,37.4,
M05,2026-02-09,Vehicle,20.6,21.6,-999,22.3,46.6,55.5,
M06,2026-02-10,Drug,21.3,20.6,20.3,20.7,55.8,27.5,
M07,2026-02-10,Drug,22.7,22.6,21.7,21.2,45.3,7.7,
M08,2026-02-10,Vehicle,19.8,20.5,20,21.2,45.8,47.5,
M09,2026-02-10,Drug,20.7 g,20.5,19.6,20.1,47.9,22.6,
M10,2026-02-10,Vehicle ,20.2,21.3,20.9,22,61.8,33.6,
M11,2026-02-11,Vehicle,25.9,26.1,27.3,27.8,48.4,53.4,
M12,2026-02-11,Drug ,25.7,25.8,25.1,25.6,,,Tracking software failed
M13,2026-02-11,Vehicle,27,27.1,28,29.2,61.4,94.4,
M15,2026-02-11,Drug,24.3,24.5,24.6,23.6,41.1,33.4,
M16,2026-02-12,vehicle,26.3,26.6,28.5,27.9,34.6,68.6,
M17,2026-02-12,Drug,24.4,24.7,23.6,24.1,57.4,45.1,
M18,2026-02-12,Vehicle,24,24,260,26.3,40.7,39.3,
M19,2026-02-12,DRUG,26.5,27.1,27.3,25.6,61.6,36,
M20,2026-02-12,drug,23.9,23.2,23.8,23,54.7,42.5,
M21,2026-02-09,Vehicle,19.9,NA,21.2,21.6,27.4,30.9,
M22,2026-02-09,Vehicle ,18.4,18.8,18.4,19.6,43.1,28.8,
M23,2026-02-09,Drug,21.3,21.5,21.1,20.5,75.7,40.8,
M24,2026-02-09,drug,20.4,20.2,19.7,20,53.6,17.7,
M25,2026-02-09,Vehicle,19,19,19.8,20,40.1,37.2,
M26,2026-02-10,drug,20.5,20.9,20.3,,56.8,35.5,
M27,2026-02-10,Drug ,20.1,21,20.1,19.2,74.5,32.1,
M27,2026-02-10,Drug ,20.1,21,20.1,19.2,74.5,32.1,
M28,2026-02-10,drug,18,16.7,17.5,17,49.3,30,
M29,2026-02-10,VEH,19.2,20.4,21.5,20.2,53.8,32.5,
M30,2026-02-10,vehicle,18.3,18.5,19.5,20.1,39.9,44,
M31,2026-02-11,VEH,25.1,26.1,26.1,26.5,47.7,112,
M32,2026-02-11,Vehicle,23.7,23.3,25,25.3,47.4,57.7,
M33,2026-02-11,Vehicle,24.2,24.6,,,,,Died day 12 (not tested)
M34,2026-02-11,drug,22.9,22.3,22,21.5,69.1,21.8,
M35,2026-02-11,Drug,23.3,22.9,23.2,23,73.8,17.4,
M36,2026-02-12,vehicle,24.7,24.7,26.2,27.1,61.7,61.9,
M37,2026-02-12,Drug ,23.2,23.2,23.1,22.7,84.6,20.4,
M38,2026-02-12,Vehicle,24.3,25.5,25.6,25.6,51.7,56.4,
M39,2026-02-12,Drug ,24.7,24.3,24.5,24.9,37.6,49.9,
M40,2026-02-12,Drug ,24.2,24,24.4,23.9,57.6,21,
m14,2026-02-11,vehicle,26.3,27.9,27.2,27.6,40.4,45.1,
