mouse_id,dose_group,dose_mgkg,sex,distance_m
M01,Vehicle,0,F,44.2
M02,Vehicle,0,M,53.6
M03,Vehicle,0,F,39
M04,Vehicle,0,F,43.9
M05,Vehicle,0,M,39.5
M06,Vehicle,0,F,26.2
M07,Vehicle,0,F,35.9
M08,Vehicle,0,M,36.1
M09,Vehicle,0,M,39.4
M10,Vehicle,0,F,51
M11,Vehicle,0,M,47.6
M12,Vehicle,0,M,38.4
M13,Low,2,F,42.5
M14,Low,2,M,52
M15,Low,2,M,50.6
M16,Low,2,F,38.1
M17,Low,2,F,37.9
M18,Low,2,F,48.6
M19,Low,2,M,52.7
M20,Low,2,F,43.9
M21,Low,2,M,53.8
M22,Low,2,M,49
M23,Low,2,M,38.9
M24,Low,2,F,48.4
M25,Medium,5,F,38.7
M26,Medium,5,M,64.3
M27,Medium,5,M,69.8
M28,Medium,5,F,46.3
M29,Medium,5,M,39.6
M30,Medium,5,F,55.7
M31,Medium,5,F,48.6
M32,Medium,5,M,74
M33,Medium,5,F,49.6
M34,Medium,5,F,56.9
M35,Medium,5,M,50.3
M36,Medium,5,M,42.6
M37,High,10,M,56.9
M38,High,10,M,37
M39,High,10,F,69.7
M40,High,10,F,56.5
M41,High,10,F,76.7
M42,High,10,M,59.8
M43,High,10,F,47.9
M44,High,10,M,61.1
M45,High,10,M,45.7
M46,High,10,F,42.5
M47,High,10,M,57.9
M48,High,10,F,50.6
