mouse_id,housing,stress,sex,bdnf_pgmg
M01,Standard,Control,F,64.3
M02,Standard,Control,M,81
M03,Standard,Control,F,112.1
M04,Standard,Control,M,101
M05,Standard,Control,M,105.2
M06,Standard,Control,F,98.2
M07,Standard,Control,M,83
M08,Standard,Control,M,116
M09,Standard,Control,F,96.8
M10,Standard,Control,F,110.3
M11,Standard,Stress,F,74
M12,Standard,Stress,F,78.6
M13,Standard,Stress,M,75.1
M14,Standard,Stress,F,75.6
M15,Standard,Stress,M,53.6
M16,Standard,Stress,F,67.8
M17,Standard,Stress,F,87.9
M18,Standard,Stress,M,56.1
M19,Standard,Stress,M,61.7
M20,Standard,Stress,M,53.2
M21,Enriched,Control,F,120.6
M22,Enriched,Control,F,129.3
M23,Enriched,Control,M,72.3
M24,Enriched,Control,F,115.9
M25,Enriched,Control,M,94.4
M26,Enriched,Control,M,116.5
M27,Enriched,Control,M,92.6
M28,Enriched,Control,M,92.5
M29,Enriched,Control,F,102.5
M30,Enriched,Control,F,113.2
M31,Enriched,Stress,M,89.5
M32,Enriched,Stress,M,103.5
M33,Enriched,Stress,M,91.3
M34,Enriched,Stress,F,120
M35,Enriched,Stress,F,99.1
M36,Enriched,Stress,F,90.5
M37,Enriched,Stress,M,108.3
M38,Enriched,Stress,F,95.6
M39,Enriched,Stress,F,123.9
M40,Enriched,Stress,M,71
